country,pind,pindo,ctrycd,col_uk,t_indep,col_uka,col_espa,col_otha,legor_uk,legor_so,legor_fr,legor_ge,legor_sc,prot80,catho80,confu,avelf,govef,graft,logyl,loga,yrsopen,gadp,engfrac,eurfrac,frankrom,latitude,gastil,cgexp,cgrev,ssw,rgdph,trade,prop1564,prop65,federal,africa,laam,eduger,spropn,yearele,yearreg,seats,maj,pres,lyp,semi,majpar,majpres,propres,dem_age,lpop,lat01,age,polityIV,spl,cpi9500,du_60ctry,magn,sdm,asiae,oecd,mining_gdp,gini_8090,con2150,con5180,con81,list,maj_bad,maj_gin,maj_old,pres_bad,pres_gin,pres_old,propar,wom_1st,yr_1st,wom_2nd,yr_2nd,wom_3rd,yr_3rd,wom_4th,yr_4th,LFTPARTY,FEMSUFRG,DEMOC,MARXLEN,FEMEDUC,FEMLABOR,FEMPROF,FEMORG,GDPPC,REL.CATH,REL.ISLM,REL.OTHR,RATIFIC,ABORTLEG
Argentina,0,0,213,0,183,0,0.268,0,0,0,1,0,0,2.7,91.6,0,0.1769318,4.475911,5.549095,9.6027,8.39295,0.089,0.579,0,0.836,1.723,-36.676,2.333333,14.00048,12.31048,6.754078,5831.075,18.42008,61.37738,9.293244,1,0,1,94.8,0,1983,1983,257.1111,0,1,8.670957,0,0,0,1,1983,3.535469,0.4075111,0.085,7,-0.5086034,6.506667,1,0.0933475,0.1889764,0,0,1.899387,,0,0,1,257.1111,0,,0,2.333333,,0.085,0,30.7,2001,26.5,1999,27.6,1997,21.8,1995, ,1947,6,0,52,29, ,2,8937,1,0,0,1,0
Australia,1,1,193,1,98,0.608,0,0,1,0,0,0,0,23.5,29.6,0,0.1127971,2.082613,1.797832,10.30421,8.67103,0.689,0.931,0.95,0.95,1.404,-32.219,1,25.78327,24.22912,8.60019,15499.72,38.79273,66.80672,11.6633,1,0,0,111.3375,0,1901,1901,147.6667,1,0,9.648578,0,1,0,0,1901,2.88418,0.3579889,0.495,10,-0.6793869,1.34,1,1,0.1904762,0,1,4.493364,39.86,0,0,0,0,1,39.86,0.495,0,0,0,0,25.3,2001,22.4,1998,15.5,1996,8.8,1993,33.1,1902,7,0,50,38,23.66412214,3,19285,0,0,0,1,1
Austria,0,0,122,0,250,0,0,0,0,0,0,1,0,6.5,88.8,0,0.0332123,2.56255,2.085785,10.13165,8.80521,0.778,0.949,0,0.98,3.601,48.231,1,40.14563,36.20243,17.88204,13313.13,78.26205,67.45173,15.10034,1,0,0,103.9571,0,1945,1945,183,0,0,9.496507,0,0,0,0,1945,2.075784,0.5359,0.275,10,-4.4101,2.478333,1,0.0491803,0.0728745,0,1,0.3989157,29,1,0,0,183,0,0,0,0,0,0,1,33.9,2002,26.8,1999,26.2,1995,21.9,1994,43.7,1918,7,0,50,39,47.91666667,3,20667,1,0,0,1,1
Bahamas,1,1,313,1,26,0.896,0,0,1,0,0,0,0,47.2,25.5,0,0,4.052546,4.005234,,,,0.614,0.865,0.865,3.638,24.7,1.722222,18.80976,17.46011,0.9501425,11768.36,101.8339,63.95686,4.389884,0,0,1,95.3,0,1973,1973,47,1,0,9.37317,0,1,0,0,1973,-1.294104,0.2744445,0.135,,-2.354258,,1,1,1,0,0,0.5927405,45,0,1,0,0,1.722222,45,0.135,0,0,0,0,20,2002,15,1997,8.2,1992,,, ,1961,7,0,52,34,56.89655172, ,15875,0,0,0,1,0
Bangladesh,1,1,513,0,28,0,0,0.888,1,0,0,0,0,0.2,0.2,0,0,6.129216,5.578219,8.41382,8.65712,0,0.313,0,0,2.333,23.88,3.166667,12.56501,13.79131,0.1292526,1611.785,25.35251,53.81113,3.232165,0,0,0,43.6,0.1,1991,1991,330,1,0,7.385098,0,0.8888889,0.1111111,0,1991,4.770514,0.2653333,0.045,4.777778,1.196045,7.71,0,0.9090909,1,1,0,0.0184373,33.635,0,0,1,0,3.166667,33.635,0.045,0,0,0,0,2,2001,9.1,1996,10.3,1991,,, ,1972,6,0,24,41,23.07692308,0,1331,0,1,0,1,0
Barbados,1,1,316,1,33,0.868,0,0,1,0,0,0,0,33.2,5.9,0,0.0733333,,,9.5687,8.54757,1,0.739,1,1,4.027,13.179,1,32.36219,,,7094.703,116.3507,65.1791,11.1198,0,0,1,,0,1966,1966,27.88889,1,0,8.867104,0,1,0,0,1966,-1.333799,0.1464333,0.17,,,,1,1,1,0,0,0.5067325,49,0,1,0,0,1,49,0.17,0,0,0,0,10.7,1999,10.7,1994,3.6,1991,,, ,1950,7,0,50,46,52.38095238,0,11051,0,0,0,1,1
Belarus,1,1,913,0,8,0,0,0.968,0,1,0,0,0,0,14,0,0.1247,6.317848,6.307248,,,,,,,,,4.875,35.52256,33.16174,11.75856,1569.121,116.5235,66.33025,12.00203,,0,0,93.28571,,1991,1991,145.2,1,1,7.358271,0,0,1,0,1991,2.332058,,0.045,0.875,-0.025145,6.2,0,1,,0,0,,29,0,0,1,0,4.875,29,0.045,4.875,29,0.045,0,10.3,2000,4.5,1996,3.8,1990,,, ,1919,2,0,51,47, ,2,4713,0,0,1,1,1
Belgium,0,0,124,0,169,0,0,0.324,0,0,1,0,0,0.4,90,0,0.3638344,3.233477,3.656614,10.29677,8.80474,0.778,0.954,0,0.345,3.96,50.837,1.166667,47.93909,43.65852,19.65333,13729.21,132.1419,66.41314,15.75815,0,0,0,116.5,0,1899,1853,184.4444,0,0,9.527281,0,0,0,0,1853,2.312287,0.5648556,0.735,10,-4.528397,4.043333,1,0.1378756,0.0970762,0,1,0.1559992,26.5,0,0,0,184.4444,0,0,0,0,0,0,1,23.3,1999,12,1995,9.4,1991,,,48.7,1948,7,0,50,33,47.08994709,5,20985,1,0,0,1,1
Belize,1,1,339,1,18,0.928,0,0,1,0,0,0,0,13.2,66.8,0,0.4090909,,,9.27805,,,,0.61,0.94,4.471,17.843,1.055556,30.06591,24.04008,1.221023,4099.562,112.6027,53.44993,4.69286,0,0,1,94.28,0,1981,1981,28.66667,1,0,8.318635,0,1,0,0,1981,-1.551368,0.1982556,0.095,,,,1,1,1,0,0,0.5678035,,0,0,1,0,1.055556,,0.095,0,,0,0,3.4,2002,6.9,1998,3.4,1993,,, ,1954,7,0,55,26,51.92307692, ,5590,1,0,0,1,1
Bolivia,0.1162393,0.1162393,218,0,174,0,0.304,0,0,0,1,0,0,2.3,92.5,0,0.5994118,5.445847,5.875754,8.50765,7.64048,0.733,0.381,0,0.372,2.087,-15.19,2.444444,20.98121,15.92514,3.871693,1794.202,48.88424,55.53318,3.797531,0,0,1,76.9,0,1986.667,1982,130,0,1,7.492316,0,0,0,1,1982,1.980603,0.1687778,0.09,9,-2.107076,7.31,1,0.0692308,0.1352679,0,0,6.682807,42,0,0,1,114.8889,0,0,0,2.444444,42,0.09,0,18.5,2002,11.5,1997,10.8,1993,,, ,1952,6,0,43,25,41.86046512,0,2598,1,0,0,1,0
Botswana,1,1,616,1,33,0.868,0,0,1,0,0,0,0,26.8,9.4,0,0.3775,4.558044,3.929617,8.10645,7.0645,0.356,0.713,0,0,3.179,-21.536,1.944444,38.57272,50.84874,0.7222357,2480.144,87.46591,53.22719,2.698606,0,1,0,90.72857,1,1966,1966,37.33333,1,0,7.816072,0,1,0,0,1966,0.3535806,0.2392889,0.17,9,8.229146,3.933333,1,1,1,0,0,37.1982,54,0,1,0,0,1.944444,54,0.17,0,0,0,0,17,1999,8.5,1994,5,1989,,, ,1965,6,0,55,35,50.4950495,1,5367,0,0,1,1,0
Brazil,0,1,223,0,177,0,0.292,0,0,0,1,0,0,4,87.8,0,0.0557809,5.439871,4.884766,9.33229,8.54926,0.089,0.682,0,0.998,1.109,-19.557,3,30.66129,29.73848,9.561114,4185.553,17.56221,62.83748,4.718873,1,0,1,95.28571,0,1988,1988,510.3333,0,1,8.339394,0,0,0,1,1985,5.056953,0.2173,0.075,8,-5.093491,6.463333,1,0.0520321,0.0924658,0,0,1.156269,58.69,0,0,1,510.3333,0,0,0,3,58.69,0.075,0,8.6,2002,5.7,1998,6.6,1994,5.6,1990, ,1934,6,0,54,28,57.08154506,2,5362,1,0,0,1,0
Bulgaria,0,0,918,0,91,0,0,0.636,0,1,0,0,0,0.4,0.5,0,0.1157,6.628262,6.114304,,,0.089,0.706,0,0,3.438,42.073,2.444444,42.4402,36.89886,11.77351,5217.107,94.51885,67.09557,14.21777,0,0,0,85.08572,0,1991,1991,240,0,0,8.559698,0,0,0,0,1990,2.135114,0.4674778,0.05,8,-0.005586,6.766666,0,0.1291667,0.1373038,0,0,21.75262,24.765,0,0,1,240,0,0,0,0,0,0,1,26.2,2001,10.8,1997,13.3,1994,12.9,1991, ,1944,6,0,48,48,55.94713656,1,4533,0,0,1,1,1
Canada,1,1,156,1,132,0.472,0,0,1,0,0,0,0,29.6,46.6,0,0.3761876,1.565305,0.8890505,10.41442,8.86054,0.956,0.976,0.614,0.857,1.603,43.727,1,24.85338,20.75486,10.85253,17040.58,66.52283,67.82738,11.97717,1,0,0,102.7333,0,1867,1867,296.3333,1,0,9.743353,0,1,0,0,1867,3.368712,0.4858556,0.665,10,-5.108618,0.9116667,1,1,1,0,1,3.614002,30.5,0,0,0,0,1,30.5,0.665,0,0,0,0,20.6,2000,20.6,1997,18,1993,,,7,1918,7,0,49,40,55.94713656,11,21459,0,0,0,1,1
Chile,1,1,228,0,189,0,0.244,0,0,0,1,0,0,1.9,82.1,0,0.050625,2.668239,2.941589,9.14025,7.91736,0.422,0.646,0,0.931,1.981,-33.554,2.055556,21.02538,22.52243,7.084179,5491.787,59.19077,63.91501,6.573759,0,0,1,90.44286,0,1989,1989,120,1,1,8.611009,0,0,1,0,1989,2.636833,0.3728222,0.055,8,1.729886,3.018333,1,0.5,0.5,0,0,7.755191,56,0,0,1,0,2.055556,56,0.055,2.055556,56,0.055,0,12.5,2001,10.8,1997,7.5,1993,5.8,1990, ,1949,6,0,53,29,51.92307692,0,9129,1,0,0,1,0
Colombia,0,0,233,0,189,0,0.244,0,0,0,1,0,0,0.9,96.6,0,0.055796,5.113252,5.980666,9.14422,8.30464,0.089,0.565,0,0.98,2.02,4.788,3.5,14.06831,13.48521,1.266109,3587.285,34.79187,60.75258,4.475142,0,0,1,80.78571,0.4375,1957,1957,156.6667,0,1,8.185151,0,0,0,1,1957,3.633572,0.0532,0.215,8,-1.326064,7.216667,1,0.2098348,0.0219205,0,0,5.55205,51,0,1,0,156.6667,0,0,0,3.5,51,0.215,0,12.1,2002,11.8,1998,10.8,1994,10.2,1991, ,1954,4,0,50,23,41.86046512,1,6107,1,0,0,1,0
Costa Rica,0,0,238,0,178,0,0.288,0,0,0,1,0,0,5.8,90.5,0,0.0532143,3.892986,3.846183,9.11803,8.14527,0.422,0.67,0.016,0.906,3.151,9.941,1.333333,23.34365,23.94281,4.476506,3697.971,85.90728,60.68626,4.298967,0,0,1,78.0125,0,1953,1949,57,0,1,8.21554,0,0,0,1,1841,1.191293,0.1104556,0.795,10,-1.928332,4.3625,1,0.122807,0.122807,0,0,19.38654,46.78,1,1,0,57,0,0,0,1.333333,46.78,0.795,0,35.1,2002,19.3,1998,14,1994,12.3,1990, ,1949,7,0,53,22,44.75138122,1,5919,1,0,0,1,0
Cyprus (G),0,1,423,1,39,0.844,0,0,1,0,0,0,0,0.6,1.3,0,0.3,2.918749,1.377432,9.66806,8.39,1,0.723,0,0,3.996,35.081,1,33.96568,30.678,7.870268,9564.695,101.362,63.47311,10.76539,0,0,0,96.82,0,1981,1960,56,0,1,9.165834,0,0,0,1,1960,-0.326078,0.3897889,0.2,10,-3.807754,,1,0.1071429,0.0728155,0,0,0.2850946,,0,1,1,56,0,,0,1,,0.2,0,10.7,2001,7.1,1996,5.4,1991,,, ,1960,7,0,49,36,40.82840237,1,13071,0,0,1,1,0
Czech Republic,0,0,935,0,6,0,0,0.976,0,1,0,0,0,4.6,39.2,0,0.115364,3.810709,4.231539,,,,,,,,,1.666667,36.34661,31.4599,10.93979,3582.339,107.9953,67.67667,12.96313,0,0,0,94.61667,,1993,1993,200,0,0,8.183771,0,0,0,0,1990,2.334321,,0.05,10,0.155034,5.146,0,0.04,,0,0,2.359061,28.26,0,0,1,200,0,0,0,0,0,0,1,17,2002,15,1998,15,1996,10,1992, ,1920,7,0,48,48, ,0,9201,1,0,0,1,1
Denmark,0,0,128,0,250,0,0,0,0,0,0,0,1,95.2,0.6,0,0.0275,1.557896,0.7419667,10.10478,8.47693,0.778,0.984,0,0.005,3.43,55.718,1,40.14317,39.00619,16.51695,14917.88,66.5644,67.29412,15.28987,0,0,0,107.2,0.2234637,1920,1915,175,0,0,9.610315,0,0,0,0,1915,1.65148,0.6190889,0.425,10,-1.610543,0.2683334,1,0.1085714,0.0752254,0,1,0.9245556,33,0,0,0,175,0,0,0,0,0,0,1,38,2001,37.4,1998,33,1994,33,1990,46.3,1915,7,0,49,44,62.96296296,1,21341,0,0,0,1,1
Dominican Re,0,0,243,0,155,0,0,0.38,0,0,1,0,0,1.4,96.6,0,0.0108306,6.66508,6.545896,8.89758,8.0863,0,0.51,0.001,0.871,3.108,18.561,2.888889,14.82071,15.16092,0.6472211,2396.817,67.85826,60.53196,3.946855,0,0,1,77.2,0,1978,1978,120,0,1,7.781897,0,0,0,1,1978,2.033536,0.2062333,0.11,6.444445,0.5181538,,1,0.25,0.3892618,0,0,3.519215,46,0,1,0,120,0,0,0,2.888889,46,0.11,0,17.3,2002,16.1,1998,11.7,1994,11.7,1990, ,1942,5,0,55,15,49.49494949,0,3933,1,0,0,1,0
Ecuador,0,0,248,0,177,0,0.292,0,0,0,1,0,0,1.9,96.4,0,0.3253571,6.123922,6.638402,9.03457,7.87563,0.844,0.573,0,0.714,2.435,-2.062,2.555556,16.32197,16.33306,0.2811314,2858.595,57.26163,58.6732,4.40973,0,0,1,88.78,0.1690141,1984.667,1979,81.88889,0,1,7.958086,0,0,0,1,1979,2.417599,0.0229111,0.105,8.888889,1.112789,7.3775,1,0.2622212,0.2786449,0,0,10.59095,43,0,1,0,81.88889,0,0,0,2.555556,43,0.105,0,16,2002,14.6,1998,3.7,1996,4.5,1994, ,1929,6,0,49,19,44.13407821,1,4626,1,0,0,1,0
El Salvador,0,0,253,1,178,0.288,0,0,0,0,1,0,0,2.4,96.2,0,0.0514286,5.52359,5.707131,8.62128,8.13673,0.4,0.372,0,0.923,3.364,13.775,3,13.63237,,0.6214011,2019.552,54.02488,57.25161,4.402802,0,0,1,73.0625,0,1984,1984,81.33334,0,1,7.610631,0,0,0,1,1984,1.71506,0.1530555,0.08,6.888889,,6.133333,1,0.1806878,0.1857996,0,0,0.4149736,48,0,0,1,81.33334,0,0,0,3,48,0.08,0,9.5,2000,16.7,1997,10.7,1994,8.3,1991, ,1939,5,0,48,28,43.18181818,1,2417,1,0,0,1,0
Estonia,0,1,939,0,8,0,0,0.968,0,1,0,0,0,66,2,0,0.524131,4.483634,3.813887,,,,,,,,,2.125,29.99682,31.06922,9.540842,2543.575,153.6608,66.76977,12.60322,0,0,0,100.2714,,1992,1992,101,0,0,7.841326,0,0,0,0,1991,0.40973,,0.045,6,0.2499572,4.3,0,0.1089109,,0,0,1.570102,35.82,0,0,1,101,0,0,0,0,0,0,1,17.8,1999,10.9,1995,13.7,1992,5.7,1990, ,1918,7,0,51,46, ,2,4294,0,0,0,1,1
Fiji,0.7863248,0.7863248,819,1,29,0.884,0,0,1,0,0,0,0,39.1,9,0,0.8,3.730119,3.386664,9.17759,7.99376,0.408,0.611,0.008,0.008,2.921,-17.827,3.833333,28.42384,25.95505,1.370697,4093.809,118.667,60.6472,3.715512,0,0,0,95.56667,0.0857143,1992.222,1990,66,0,0,8.317231,1,0.5555556,0,0,1990,-0.256327,0.1980778,0.05,5,-3.741542,,1,0.6434677,0.9014084,1,0,,42.5,0,0,1,14.10256,0,0,0,0,0,0,1,8.5,2001,11.3,1999,4.3,1994,1.4,1992, ,1963,4,0,51,21,39.75903614,0,5763,0,0,1,1,0
Finland,0.005,1,172,0,82,0,0,0.672,0,0,0,0,1,93.1,0.1,0,0.105,1.730484,0.8308125,10.16696,8.50983,0.778,0.98,0,0,3.075,60.212,1,38.32095,32.47304,16.1628,13072.67,60.83865,66.96841,14.01062,0,0,0,108.2571,0,1917,1917,200,0,0,9.478279,0,0,0,0,1917,1.625308,0.6690223,0.415,10,-7.954957,0.4916666,1,0.0916667,0.0706803,0,1,0.312397,28.4859,0,0,0,199,0,0,0,0,0,0,1,36.5,1999,33.5,1995,39,1991,,,47,1906,7,0,52,47,61.38996139,6,17417,0,0,0,1,1
France,1,1,132,0,250,0,0,0,0,0,1,0,0,2.4,76.4,0,0.1454839,2.440935,2.435212,10.27407,8.9458,0.8,0.941,0,1.004,2.725,48.857,1.5,45.25062,40.9455,19.08028,14185.77,44.88788,65.47331,14.94291,0,0,0,106.4143,0,1986,1958,576.3333,1,0,9.559995,0,1,0,0,1946,4.058045,0.5428556,0.27,9,-4.184985,3.23,1,1,0.498364,0,1,0.4406096,35,0,1,1,0,1.5,35,0.27,0,0,0,0,12.2,2002,10.9,1997,6.4,1993,5,1992,55.5,1944,7,0,53,41,41.52046784,1,20510,1,0,0,1,1
Gambia,1,1,648,1,34,0.864,0,0,1,0,0,0,0,0.4,1.9,0,0.7803704,4.672659,5.037332,7.44872,7.51226,0.222,0.568,0,0,3.955,13.257,4.388889,24.41926,23.81252,0.6532443,763.5707,121.5774,55.22256,3.396645,0,1,0,48.15,0,1965,1965,38.88889,1,1,6.638006,0,0,1,0,1965,0.0713641,0.1473,0.175,0.2222222,-0.8156021,,1,0.9818594,1,0,0,0.0203699,39,0,1,0,0,4.388889,39,0.175,4.388889,39,0.175,0,13.2,2002,2,1997,,,,, ,1960,1,0,30,39,26.47058824,1,939,0,1,0,1,0
Germany,0.5,0.5,134,0,250,0,0,0,0,0,0,1,0,46.4,35,0,0.0437553,2.181582,1.759414,10.27478,8.73519,0.8,0.963,0,0.949,2.916,48.161,1.5,32.67864,31.67556,15.87813,20782.81,48.7568,68.60875,15.40074,1,0,0,102.4429,0,1949,1949,656,0,0,9.941882,1,0,0,0,1949,4.396258,0.5351222,0.255,10,-1.790523,1.976667,1,0.5243902,0.1276641,0,1,0.4585561,29,1,0,0,328,0,0,0,0,0,0,1,32.2,2002,30.9,1998,26.2,1994,1990,20.5,49.3,1918,7,0,50,39,42.19653179,7,19675,0,0,0,1,0
Ghana,1,1,652,1,42,0.832,0,0,1,0,0,0,0,25.8,18.7,0,0.7061,5.573555,5.602954,7.52507,7.30367,0.222,0.54,0,0,2.938,6.694,4.333333,18.99634,17.24249,1.153865,980.6061,53.48115,52.19075,2.983784,0,1,0,56.75,0,1992,1992,200,1,1,6.888171,0,0,1,0,1992,2.812248,0.0743778,0.04,-0.625,-1.473685,,0,1,1,0,0,5.155008,35.36,0,0,1,0,4.333333,35.36,0.04,4.333333,35.36,0.04,0,9,2000,9,1996,8,1992,,, ,1954,5,0,38,39,35.48387097,0,1960,0,0,1,1,0
Greece,0,1,174,0,170,0,0,0.32,0,0,1,0,0,0.1,0.4,0,0.0777778,3.880618,3.350358,9.7176,8.43249,0.8,0.712,0,0,3.296,38.058,1.833333,35.26539,22.12678,5.641448,7001.289,41.74717,67.05579,15.55545,0,0,0,94.8,0.04,1975,1975,300,0,0,8.853849,0,0,0,0,1975,2.340951,0.4228666,0.125,10,-11.36169,5.15,1,0.19,0.1845992,0,1,1.11318,35,0,1,0,300,0,0,0,0,0,0,1,8.7,2000,6.3,1996,6,1993,5.3,1990,,1952,7,0,46,27,43.18181818,3,11265,0,0,1,1,1
Guatemala,0.7777778,0.7777778,258,0,178,0,0.288,0,0,0,1,0,0,4.9,94,0,0.4766667,5.450037,6.638892,8.91335,8.54378,0.422,0.371,0,0.588,3.093,14.622,4,9.743064,8.923339,,2298.218,43.20914,51.59549,3.305959,0,0,1,58.25714,0.225,1985,1985,96,0,1,7.739889,0,0,0,1,1985,2.275413,0.1624667,0.075,4.666667,,6.85,1,0.2409004,0.1289238,0,0,,58.53,0,0,1,96,0,0,0,4,58.53,0.075,0,8.8,1999,12.5,1995,7.5,1994,5.3,1990, ,1946,5,0,45,18,45.05494505,1,3208,1,0,0,1,0
Honduras,0,0,268,0,178,0,0.288,0,0,0,1,0,0,2.6,95.8,0,0.0973593,5.817802,6.876294,8.43306,7.80844,0.356,0.424,0.003,0.845,3.317,14.194,2.722222,21.47791,17.91605,,1395.162,84.09262,52.86485,3.13467,0,0,1,77.9,0,1982,1982,128,0,1,7.240766,0,0,0,1,1982,1.705567,0.1577111,0.09,6,,8.25,1,0.140625,0.140625,0,0,1.551457,54.5,0,0,1,128,0,0,0,2.722222,54.5,0.09,0,5.5,2001,9.4,1997,7,1993,,, ,1955,5,0,50,21,50,1,2050,1,0,0,1,0
Hungary,0.4559585,0.4559585,944,0,250,0,0,0,0,1,0,0,0,21.6,53.9,0,0.0651,3.787087,3.77178,9.29366,7.59854,0.111,0.788,0,0.005,3.293,47.419,1.666667,49.95391,45.61468,17.30482,4986.003,73.65478,67.38834,13.899,0,0,0,93.68333,0.1502591,1990,1990,386,0,0,8.51439,1,0,0,0,1990,2.327623,0.5268778,0.05,10,-3.777442,5.073333,0,0.507772,0.0822116,0,0,1.068608,24.38,0,0,1,210,0,0,0,0,0,0,1,9.1,2002,8.3,1998,11.4,1994,7.3,1990, ,1953,7,0,46,44,48.97959184,2,6437,1,0,0,1,1
Iceland,0,0,176,0,55,0,0,0.78,0,0,0,0,1,96.6,0.7,0,0.1,1.992161,1.338896,10.16024,8.75793,0.805,0.986,0,0,3.499,63.892,1,31.80872,30.00902,7.169929,13371.9,66.8545,64.45214,11.27209,0,0,0,101.0714,0.047619,1944,1944,63,0,0,9.500911,0,0,0,0,1944,-1.32941,0.7099111,0.28,10,-3.012978,0.7999999,1,0.1269841,0.1273378,0,1,13.9932,,1,0,0,63,0,,0,0,,0,1,34.9,1999,25.4,1995,23.8,1991,,,,1915,7,0,47,43, ,1,20556,0,0,0,1,1
India,1,1,534,1,52,0.792,0,0,1,0,0,0,0,1.1,1.3,0,0.7421975,5.527493,5.611681,8.02149,7.50539,0.022,0.591,0,0,1.191,25.274,3.333333,15.78957,12.7648,,1431.498,21.88374,59.862,4.590618,1,0,0,70.92857,0,1950,1950,520.3333,1,0,7.266477,0,1,0,0,1950,6.811856,0.2808222,0.25,8.444445,-5.917353,7.206666,1,1,1,1,0,2.110831,32,1,0,0,0,3.333333,32,0.25,0,0,0,0,8.8,1999,8.1,1998,8.1,1996,7.2,1991, ,1950,6,0,33,24,20.63492063,0,1348,0,0,1,1,0
Ireland,0,1,178,1,78,0.688,0,0,1,0,0,0,0,1.1,95.3,0,0.0903571,2.277807,1.865416,9.92557,8.48346,0.644,0.889,0.742,0.742,3.522,54.611,1.111111,38.09354,34.78539,10.53897,11390.49,128.917,63.48438,11.6845,0,0,0,107.1857,0,1937,1937,166,0,0,9.340534,0,0,0,0,1921,1.27814,0.6067889,0.395,10,-1.634247,1.933334,1,0.2469879,0.246988,0,1,0.7119122,35,1,0,0,166,0,0,0,0,0,0,1,13.3,2002,12,1997,12,1992,,,16.9,1918,7,0,52,29,46.80851064,4,16061,1,0,0,1,0
Israel,0,0,436,1,51,0.796,0,0.796,1,0,0,0,0,0.2,1,0,0.3270557,3.629855,2.446624,10.05888,8.62517,0.222,0.756,0,0,3.992,32.084,2,46.31829,38.87903,11.15426,10428.74,77.4672,60.28881,10.20762,0,0,0,92.95,0,1948,1948,120,0,0,9.252321,0,0,0,0,1948,1.682998,0.3564889,0.26,9,-3.546467,2.764,1,0.0083333,0.0083333,0,0,19.71278,37,1,0,0,120,0,0,0,0,0,0,1,13.3,1999,7.5,1996,9.2,1992,,,40,1948,7,0,51,34,54.33789954,4,16023,0,0,1,1,0
Italy,0.4188713,0.8633157,136,0,250,0,0,0,0,0,1,0,0,0.4,83.2,0,0.0388682,3.454261,3.395343,10.29392,9.01542,0.8,0.815,0,0.006,2.637,45.415,1.444444,48.8032,41.19762,18.55286,12929.42,44.32747,68.74693,16.0532,0,0,0,93.82858,0.1335938,1972.222,1945,630,0,0,9.46726,0,0,0,0,1945,4.045388,0.5046111,0.275,10,-8.053451,5.776667,1,0.4643739,0.1564887,0,1,0.4452019,32.5,1,0,0,366.1111,0,0,0,0,0,0,1,9.8,2001,11.1,1996,15.1,1994,8.1,1992,50.6,1945,7,0,48,32,46.23655914,3,19363,1,0,0,1,1
Jamaica,1,1,343,1,37,0.852,0,0,1,0,0,0,0,55.5,9.6,0,0.0125,5.968403,5.232412,8.43284,7.3673,0.422,0.544,0.94,0.94,3.1,18.055,2.277778,,,,2426.283,122.1772,60.08897,6.717473,0,0,1,82.35001,0.5,1962,1962,60,1,0,7.794116,0,1,0,0,1959,0.9133709,0.2006111,0.205,9.333333,,6.2,0,1,1,0,0,6.919718,41.79,0,1,0,0,2.277778,41.79,0.205,0,0,0,0,11.7,2002,13.3,1997,11.7,1993,,, ,1944,6,0,53,46,59.51417004,0,3816,0,0,0,1,0
Japan,0.8666667,0.8666667,158,0,250,0,0,0,0,0,0,1,0,0.9,0.6,1,0.0098803,3.322024,3.55285,9.94306,8.40857,0.733,0.932,0,0,1.699,35.712,1.555556,20.50902,19.83897,8.291452,15255.63,18.75606,69.378,14.00771,0,0,0,99.85,1,1975.333,1952,508,1,0,9.632704,0,0.3333333,0,0,1868,4.828678,0.3968,0.66,10,-0.2776909,3.576667,1,0.3753021,0.0429439,0,1,0.2272086,34.2,0,1,0,67.73333,1.555556,34.2,0.66,0,0,0,0,7.3,2000,4.6,1996,2.7,1993,2.3,1990,8.2,1945,7,0,49,40,41.86046512,4,21581,0,0,1,1,1
Latvia,0,0,941,0,8,0,0,0.968,0,1,0,0,0,14.1,18.2,0,0.613722,4.864724,5.52715,,,,,,,,,2.25,31.39015,29.47863,12.92269,2936.436,106.1514,66.41887,12.9966,0,0,0,88.05714,0,1991,1991,133.6667,0,0,7.984952,0,0,0,0,1991,0.9392995,,0.045,8,-1.66478,6.833333,0,0.0499502,0.05,0,0,0.1581098,,0,0,1,133.6667,0,,0,0,,0,1,21,2002,17,1998,9,1995,15,1993, ,1918,6,0,51,47, ,2,3332,0,0,1,1,1
Luxembourg,0,1,137,0,160,0,0,0.36,0,0,1,0,0,1.2,93,0,0.2166667,1.652689,1.65749,10.46142,8.91999,0.8,1,0,0,5.639,49.78,1,40.17635,45.45095,21.32378,18801.71,188.9888,68.04094,14.23658,0,0,0,88.88,0,1918,1879,60,0,0,9.841703,0,0,0,0,1879,-0.908419,0.5531111,0.605,10,1.012643,1.3225,1,0.0666667,0.0666667,0,1,0.1407224,27,0,0,0,60,0,0,0,0,0,0,1,16.7,1999,20,1994,13.3,1989,,,71.7,1919,7,0,49,32,37.88819876,4,34155,1,0,0,1,1
Malawi,1,1,676,1,35,0.86,0,0,1,0,0,0,0,31.5,27.6,0,0.6224,6.24968,5.389066,6.95436,6.54722,0,0.503,0,0,2.539,-15.811,4.166667,25.76205,,,530.2225,62.4826,50.61634,2.589323,0,1,0,73.55,0,1994,1994,177,1,1,6.273297,0,0,1,0,1994,2.251866,0.1756778,0.03,0,-1.604963,5.9,0,1,1,0,0,,62,0,0,1,0,4.166667,62,0.03,4.166667,62,0.03,0,9.3,1999,5.6,1994,11.6,1992,,, ,1961,6,0,28,40,28.05755396,0,694,0,0,0,1,0
Malaysia,1,1,548,1,42,0.832,0,0,1,0,0,0,0,1.4,2.8,0,0.6103704,3.571808,3.733168,9.15605,8.02743,1,0.687,0,0,2.823,3.269,4.555555,24.47133,26.75087,1.457034,6459.11,176.0599,60.1374,3.999706,1,0,0,78.7375,0,1957,1957,185.3333,1,0,8.773247,0,1,0,0,1957,3.002818,0.0363222,0.215,10,1.135423,4.865,1,1,1,1,0,7.597346,49.675,0,1,0,0,4.555555,49.675,0.215,0,0,0,0,10.4,1999,7.8,1995,6.1,1990,,, ,1957,4,0,48,36,46.52406417,1,8865,0,1,0,1,0
Malta,0,1,181,1,35,0.86,0,0,0,0,1,0,0,0.5,97.3,0,0.1033333,3.742489,4.005234,9.70619,8.52926,0.535,0.622,0,0,4.586,35.887,1,40.98212,34.95761,13.84177,8195.759,190.4717,66.62973,10.96175,0,0,0,95.55714,0,1964,1964,65.88889,0,0,9.011372,0,0,0,0,1964,-1.001818,0.3987445,0.18,,-5.01684,,1,0.1974235,0.1884058,0,0,3.048202,,0,1,0,65.88889,0,,0,0,,0,1,9.2,1998,5.8,1996,1.5,1992,,, ,1947,7,0,45,23, ,1,13009,1,0,0,1,0
Mauritius,1,1,684,1,31,0.876,0,0,0,0,1,0,0,0.9,31.2,0,0.7084848,4.655652,4.327274,9.13435,8.57601,1,0.704,0.003,0.567,3.438,-20.232,1.611111,22.50179,21.64505,3.799618,6666.765,128.1165,65.95277,6.26111,0,1,0,80.17142,1,1968,1968,63.77778,1,0,8.80489,0,1,0,0,1968,0.1032242,0.2248,0.16,10,-1.067292,5.133333,1,0.3295861,,0,0,0.1313363,41.35,0,1,0,0,1.611111,41.35,0.16,0,0,0,0,5.7,2000,7.6,1995,2.8,1991,,, ,1956,7,0,48,26,35.06493506,3,13172,0,0,1,1,0
Mexico,0.6,0.6,273,0,189,0,0.244,0,0,0,1,0,0,1.2,94.7,0,0.1740741,4.642269,5.554252,9.63754,8.74995,0.2,0.592,0,0.88,1.509,16.759,3.777778,15.48577,15.1672,3.002081,6207.811,47.54999,59.50018,4.272914,1,0,1,85.87143,0.2,1994,1994,500,0,1,8.733563,1,0,0,1,1994,4.4944,0.1862111,0.03,2.666667,0.4022436,6.81,1,0.602,0.0239234,0,0,1.4904,50.5,0,0,1,200,0,0,0,3.777778,50.5,0.03,0,16,2000,17.4,1997,14.2,1994,7.6,1991, ,1947,4,0,47,28,43.18181818,1,7384,1,0,0,1,0
Namibia,0,0,728,0,9,0,0,0.964,1,0,0,0,0,64.2,19.1,0,0.7283,4.911178,4.236182,8.83613,7.70063,0.275,0.462,0.067,0.088,3.059,-17.979,2.444444,37.2732,33.23447,,2764.12,114.6249,53.96959,3.699706,0,1,0,105.025,0,1990,1990,78,0,1,7.924478,0,0,0,1,1990,0.4083683,0.1997667,0.05,8,-3.388912,4.666667,0,0.1695157,0.3026316,0,0,12.77462,,0,0,1,78,0,,0,2.444444,,0.05,0,25,1999,22.2,1994,6.9,1989,,, ,1989,6,0,56,24,40.82840237,0,4027,0,0,0,1,0
Nepal,1,1,558,0,250,0,0,0,1,0,0,0,0,0,0,0,0.45,,,,,4.089,,0,0,2.585,27.712,3.333333,16.97054,9.739206,0.3011621,1147.167,49.82251,53.77916,3.626628,0,0,0,76.7,0,1990,1990,197.4444,1,0,7.045051,0,1,0,0,1990,3.034151,0.3079111,0.05,5,-5.337309,,1,1,0.2054794,1,0,0.5063776,30,0,0,1,0,3.333333,30,0.05,0,0,0,0,0,1999,3.4,1994,1991,3.4,,, ,1951,5,0,20,32,36.30573248,0,1137,0,0,1,1,0
Netherlands,0,0,138,0,250,0,0,0,0,0,1,0,0,42.4,42.6,0,0.0634354,0.9395175,0.9471855,10.2594,8.7713,0.8,0.988,0,0,3.579,51.874,1,51.17833,47.6013,19.11685,13820.43,100.3399,68.47264,13.20252,0,0,0,117.1143,0,1917,1917,150,0,0,9.533903,0,0,0,0,1917,2.732273,0.5763778,0.415,10,-2.623437,1.111667,1,0.12,0.1371429,0,1,2.734597,29,0,0,0,150,0,0,0,0,0,0,1,36,1998,31.1,1994,,,,,45.3,1919,7,0,48,31,42.52873563,2,19238,0,0,0,1,1
New Zeland,0.8472222,0.8472222,196,1,92,0.632,0,0,1,0,0,0,0,37.9,18.7,0,0.1475699,1.857426,0.8501158,10.14265,8.36672,0.2,0.986,0.9,0.9,2.103,-36.892,1,35.98045,36.41199,13.46895,12088.63,58.07035,64.95579,12.12238,0,0,0,101.45,0,1906,1906,105.3333,1,0,9.400021,0,0.6666667,0,0,1906,1.270993,0.4099111,0.47,10,1.635295,0.5983335,1,0.85,0.1383285,0,1,1.350698,38,0,0,0,16.09259,1,38,0.47,0,0,0,0,28.3,2002,30.8,1999,29.2,1996,21.2,1993,41.7,1893,7,0,49,36,47.91666667,1,16851,0,0,0,1,0
Nicaragua,0,0,278,0,178,0,0.288,0,0,0,1,0,0,4.4,94.7,0,0.0991796,6.094335,6.672212,8.40128,7.5563,0.333,0.523,0.009,0.655,3.155,12.211,3.444444,31.00764,23.49779,5.0653,1322.485,87.20344,51.95702,3.019467,0,0,1,78.4875,0.0537634,1990,1990,90,0,1,7.187268,0,0,0,1,1990,1.460596,0.1356778,0.05,6.888889,-0.8717377,6.95,1,0.1333333,0.1135647,0,0,0.6999679,50,0,0,1,90,0,0,0,3.444444,50,0.05,0,20.7,2001,9.7,1996,16.3,1990,,, ,1955,5,0,53,30, ,1,1580,1,0,0,1,0
Norway,0,0,142,0,94,0,0,0.624,0,0,0,0,1,97.8,0.3,0,0.0698837,1.667565,1.626909,10.20004,8.46829,0.778,0.968,0,0,3.159,59.977,1,39.8812,41.10329,14.82228,16720.48,72.23154,64.72184,16.07296,0,0,0,106.7714,0,1919,1898,165,0,0,9.724389,0,0,0,0,1898,1.466678,0.6664111,0.51,10,-1.66249,1.1,1,0.1151515,0.1151515,0,1,12.94106,33,0,0,0,165,0,0,0,0,0,0,1,38.2,2001,36.4,1997,39.4,1993,,,44.8,1913,7,0,50,41,56.52173913,4,21346,0,0,0,1,1
Pakistan,1,1,564,1,52,0.792,0,0,1,0,0,0,0,0.8,0.5,0,0.6216,6.488889,6.537586,8.42324,8.25711,0,0.453,0,0,2.084,31.173,4.277778,23.11274,17.22882,,1451.741,38.71352,53.93,3.040669,0,0,0,42.15,,1988,1988,217,1,1,7.280519,0,0,1,0,1988,4.783741,0.3463667,0.06,7.777778,-7.267537,7.864,0,1,0.1,1,0,0.534923,31.735,0,0,1,0,4.277778,31.735,0.06,4.277778,31.735,0.06,0,21.3,2002,2.3,1997,1.8,1993,0.9,1990, ,1947,4,0,26,13,18.03278689,0,2154,0,1,0,1,0
Papua N. Guin,1,1,853,1,24,0.904,0,0.904,1,0,0,0,0,58.4,32.8,0,0.8027273,6.388548,6.707344,7.9209,7.30179,0,0.625,0.015,0.015,2.319,-6.6,2.777778,30.81113,23.75834,0.3005187,1688.24,102.1299,57.51697,2.792986,0,0,0,46.6,0,1975,1975,107.7778,1,0,7.431442,0,1,0,0,1975,1.429777,0.0733333,0.125,10,-4.127749,,1,1,1,1,0,16.74266,,0,1,0,0,2.777778,,0.125,0,,0,0,0.9,2002,1.8,1997,0,1992,,, ,1964,6,0,31,38,29.57746479,0,2821,0,0,0,1,0
Paraguay,0,0,288,0,188,0,0.248,0,0,0,1,0,0,1.9,96,0,0.4111111,7.20031,6.916741,8.70208,7.85704,0.133,0.486,0,0.036,2.345,-25.583,3.333333,11.975,13.14907,1.779752,2202.636,86.43324,54.81356,3.830394,0,0,1,76.85,0.6875,1992,1992,77.33334,0,1,7.69741,0,0,0,1,1989,1.550572,0.2842556,0.055,5.777778,1.183004,8.25,1,0.2333333,0.0280676,0,0,0.3580757,42.5,0,0,1,77.33334,0,0,0,3.333333,42.5,0.055,0,2.5,1998,1993,2.5,5.6,1989,,, ,1961,4,0,50,20,51.2195122,1,3531,1,0,0,1,0
Peru,0,0,293,0,178,0,0.288,0,0,0,1,0,0,2.7,95.1,0,0.4315909,4.653071,5.399045,9.03439,7.93364,0.489,0.438,0,0.564,1.95,-11.794,4.388889,17.27761,13.64952,,2410.246,25.88982,59.25119,4.255049,0,0,1,97.2875,0.6,1979,1979,153.3333,0,1,7.787484,0,0,0,1,1979,3.142715,0.1310444,0.105,2.111111,-1.245509,5.533333,1,0.0067901,0.0083333,0,0,1.895112,44,0,1,0,153.3333,0,0,0,4.388889,44,0.105,0,18.3,2001,20,2000,10.8,1995,8.8,1992, ,1955,4,0,45,24,40.82840237,1,3645,1,0,0,1,0
Philippines,0.9777778,0.9777778,566,0,53,0,0.788,0.788,0,0,1,0,0,3.8,84.1,0,0.7238207,4.747079,5.456181,8.40576,7.32593,0.156,0.407,0,0,2.179,13.922,2.944444,18.89076,18.18111,0.4373562,1759.439,80.63206,57.64063,3.556657,0,0,0,98.7375,0.359375,1990,1987,202.8889,1,1,7.47275,0,0,0.8888889,0.1111111,1987,4.2308,0.1546889,0.065,7.888889,-0.7918076,6.965,1,0.9782051,0.0087719,1,0,1.043809,45.5,0,0,1,4.508642,2.944444,45.5,0.065,2.944444,45.5,0.065,0,17.8,2001,12.4,1998,8.8,1995,10.7,1992, ,1937,6,0,53,31,63.23529412,7,2681,1,0,0,1,0
Poland,0,1,964,0,81,0,0,0.676,0,1,0,0,0,0.1,81,0,0.039,3.651956,4.016194,9.04059,7.3767,0.111,0.694,0,0.04,2.628,50.244,1.777778,39.48863,40.33121,19.75605,4330.115,48.27744,66.04733,10.82261,0,0,0,95.9,0.0657609,1989,1989,460,0,0,8.373349,0,0,0,0,1989,3.649943,0.5582666,0.055,8.111111,-1.666985,5.29,0,0.1130435,0.1236873,0,0,3.355171,25.555,0,0,1,460,0,0,0,0,0,0,1,20.2,2001,13,1997,13,1993,9.6,1991, ,1918,7,0,50,45,60.31746032,0,5002,1,0,0,1,0
Portugal,0,0,182,0,250,0,0,0,0,0,1,0,0,1.1,94.1,0,0.0025,2.697592,2.564186,9.46966,8.54628,0.778,0.811,0,1,2.933,38.816,1.055556,41.66164,34.53674,12.21131,8104.759,68.45359,66.1926,15.20466,0,0,0,107.9667,0,1976,1976,232.2222,0,0,9.000207,0,0,0,0,1976,2.293511,0.4312889,0.12,10,-4.234857,3.556667,1,0.0948019,0.0946237,0,1,0.4259682,36.5,0,1,0,232.2222,0,0,0,0,0,0,1,19.1,2002,18.7,1999,13,1995,8.7,1991,,1931,7,0,48,36,54.33789954,3,12326,1,0,0,1,0
Romania,0,0,968,0,118,0,0,0.528,0,1,0,0,0,5.8,4.9,0,0.122,6.139097,5.914096,8.29618,7.10976,0.067,0.516,0,0.02,2.934,44.526,3.555556,33.38912,31.83452,9.49747,1704.853,55.68492,67.28332,11.49887,0,0,0,85.62857,0,1989,1989,353.2222,0,0,7.441234,0,0,0,0,1989,3.125849,0.4947333,0.055,6,-1.951381,6.84,0,0.1193657,0.1689036,0,0,2.810431,22.9,0,0,1,353.2222,0,0,0,0,0,0,1,10.7,2000,7.3,1996,4.1,1992,3.6,1990, ,1946,6,0,47,45,52.60663507,0,4037,0,0,1,1,1
Russia,0.5,0.5,922,0,250,0,0,0,0,1,0,0,0,0,1.4,0,0.333093,6.189031,6.232836,,,,,,,,,3.5,26.26176,12.9826,8.059633,1890.336,53.87101,67.15011,11.42976,1,0,0,95.65,0.5,1992,1992,450,0,1,7.54451,1,0,0,1,1992,4.997628,,0.04,3.333333,-7.744335,7.65,0,0.5,0.0088496,0,0,,,0,0,1,225,0,,0,3.5,,0.04,0,7.6,1999,10.2,1995,13.4,1993,,, ,1918,5,0,56,45, ,2,4828,0,0,1,1,1
Senegal,0.4259259,0.4259259,722,0,39,0,0,0,0,0,1,0,0,0.1,5.6,0,0.7789,4.905214,5.470986,7.8399,7.80923,0,0.487,0,0,2.989,14.772,4,,,,1116.279,65.39255,52.03586,2.682332,0,1,0,40.05,0.5520833,,,122.2222,0,0,7.017756,1,0,0,0,1975,2.096627,0.1641333,0.125,-1,,6.6,0,0.2542328,0.02661,0,0,0.7450961,54.12,0,0,1,70.1646,0,0,0,0,0,0,1,19.2,2001,12.1,1998,11.7,1993,,, ,1945,4,0,33,38,16.66666667,1,1596,0,1,0,1,0
Singapore,1,1,576,1,34,0.864,0,0.864,1,0,0,0,0,2.6,4.7,1,0.3215287,0.8356037,1.104988,9.97443,8.90159,1,0.859,0.089,0.089,3.89,1.355,4.666667,18.48176,34.67464,0.650752,14737.04,343.3866,71.70319,6.231132,0,0,0,83.4,,,,80.22222,1,0,9.59812,0,1,0,0,1965,1.075677,0.0150556,0.175,-2,12.58898,0.9966664,0,0.2998831,,1,0,0.1105602,40,0,0,1,0,4.666667,40,0.175,0,0,0,0,16,2001,6.5,1997,3.1,1991,,, ,1947,4,0,50,36,40.47619048,0,20987,0,0,1,1,1
Slovak Republic,0,1,936,0,6,0,0,0.976,0,1,0,0,0,8.4,74,0,0.253713,5.063509,4.939823,,,,,,,,,2.5,40.38233,,11.70964,4952.167,119.4016,66.07475,10.70185,0,0,0,94.26,,1993,1993,150,0,0,8.507581,0,0,0,0,1993,1.673845,,0.035,7.166667,,6.3,0,0.0266666,,0,0,1.002612,19.49,0,0,1,150,0,0,0,0,0,0,1,16.7,2002,14,1998,14.7,1994,18.1,1992, ,1920,6,0,48,47,57.80590717,0,6389,1,0,0,1,1
South Africa,0,0,199,1,89,0.644,0,0.644,1,0,0,0,0,39,10.4,0,0.831,5.019648,4.402271,9.09035,8.04932,0.089,0.74,0.09,0.09,2.186,-29.13,2.944444,31.33985,24.08896,,3117.363,43.85324,60.27135,4.313209,0,1,0,110.6667,0.125,1994,1994,400,0,0,8.044743,1,0,0,0,1910,3.645408,0.3236667,0.45,7.857143,-5.514829,4.758333,0,0.0225,0.0350536,0,0,7.480709,62.3,0,0,1,400,0,0,0,0,0,0,1,29.8,1999,25,1994,,,,, ,1930,7,0,54,36,50.73891626,4,4291,0,0,0,1,0
South Korea,0.7814938,0.7814938,542,0,51,0,0,0.796,0,0,0,1,0,12.2,3.9,1,0,4.182635,4.681627,9.50921,8.28269,0.6,0.735,0,0,2.664,37.553,2.166667,17.06728,19.04067,1.617868,8482.964,62.85624,70.52384,5.559429,0,0,0,97.44286,0.2211539,1988,1988,299,0,1,9.045815,1,0,0,1,1988,3.79741,0.4172556,0.06,6.222222,-0.3447929,5.733334,0,0.7848383,0.0730159,1,0,0.3933304,,0,0,1,65.33334,0,,0,2.166667,,0.06,0,20.1,1998,2,1992,20.1,1990,,, ,1948,6,0,45,34,42.52873563,0,10656,0,0,1,1,0
Spain,0.0057143,0.0057143,184,0,250,0,0,0,0,0,1,0,0,0.1,96.9,0,0.2745161,1.793459,2.571479,10.09243,8.92855,0.778,0.802,0,0.728,2.516,37.398,1.333333,36.19315,31.22604,14.10439,10102.77,45.26283,67.78303,15.15123,0,0,0,111.9,0,1978,1978,350,0,0,9.220565,0,0,0,0,1978,3.666605,0.4155333,0.11,10,-5.234409,4.29,1,0.1485714,0.1761194,0,1,0.5123852,25.5,0,1,0,348,0,0,0,0,0,0,1,28.3,2000,24.7,1996,16,1993,,,,1931,7,0,50,25,47.08994709,4,14324,1,0,0,1,0
Sri Lanka,0.0004938,1,524,1,51,0.796,0,0,1,0,0,0,0,0.4,6.8,1,0.3257469,6.223356,5.247889,8.60818,7.89489,0.4,0.463,0.009,0.009,2.635,6.868,4.222222,27.38108,19.81513,4.386837,2441.693,76.01492,63.97582,5.82058,0,0,0,87.6,0.1288889,1978,1948,225,0,1,7.800447,0,0,0,1,1948,2.883372,0.0763111,0.26,5,-7.357727,,1,0.1022222,0.0869672,1,0,1.146328,37.55,1,1,0,224.8889,0,0,0,4.222222,37.55,0.26,0,4.4,2001,4,2000,4.9,1994,,, ,1931,5,0,51,27,45.05494505,5,3277,0,0,1,1,0
St. Vincent&G,1,1,364,1,20,0.92,0,0,1,0,0,0,0,40.7,19.4,0,0,,,,,,,1,1,4.375,13.254,1.444444,34.78068,28.66901,2.412192,3403.561,123.441,67.92807,2.295852,0,0,1,,0,1978,1978,15,1,0,8.132578,0,1,0,0,1978,-2.205206,0.1472667,0.11,,-3.587918,,1,1,1,0,0,0.2584996,,0,1,0,0,1.444444,,0.11,0,,0,0,22.7,2001,4.8,1998,9.5,1994,,, ,1951,6,0,59,36,54.33789954, ,5650,0,0,0,1,0
Sweden,0,0,144,0,250,0,0,0,0,0,0,0,1,68.4,1.4,0,0.0650368,1.854394,0.8293262,10.23588,8.71764,0.778,0.987,0,0,2.903,59.278,1,44.75311,40.84713,22.38471,14414.44,68.05694,64.03426,17.43001,0,0,0,111.6143,0.1117479,1917,1917,349,0,0,9.575986,0,0,0,0,1917,2.168636,0.6586444,0.415,10,-5.921899,0.7333334,1,0.0830945,0.0704603,0,1,0.2735882,32.48,0,0,0,349,0,0,0,0,0,0,1,45.3,2002,42.7,1998,40.4,1994,33.5,1991,57.6,1921,7,0,51,44,55.94713656,5,18540,0,0,0,1,1
Switzerland,0.025,1,146,0,250,0,0,0,0,0,0,1,0,43.2,52.8,0,0.307598,1.027495,0.8565388,10.34061,8.70245,1,1,0,0.84,3.483,47.408,1,26.49568,22.1281,12.73358,15878.56,68.89883,68.16419,14.67307,1,0,0,97.48333,0,1918,1874,200,0,1,9.672725,0,0,0,1,1848,1.940052,0.5267556,0.76,10,-1.466492,1.245,1,0.13,0.2113821,0,1,,37,0,0,0,195,0,0,0,1,37,0.76,0,23,1999,21,1995,17.5,1991,,,33,1971,7,0,51,35,37.88819876,2,24967,0,0,0,1,0
Taiwan,0.7822222,0.7822222,924,0,50,0,0,0.8,0,0,0,1,0,3,1.5,1,0.2551,2.412672,3.748614,9.66696,8.57392,0.711,0.823,0,0,2.886,25.259,3,15.58773,13.87448,2.68499,10115.9,90.7401,,,0,0,0,,,1992,1992,179.25,0,0,9.221864,1,0,0,0,1992,3.045975,0.2806556,0.04,5.777778,-1.70348,4.753333,0,,,1,0,,29.035,0,0,1,,0,0,0,0,0,0,1,,,,,,,,, , ,6,0, , , ,0, ,0,0,1,0, 
Thailand,1,1,578,0,250,0,0,0,1,0,0,0,0,0.2,0.4,1,0.3569488,4.980465,5.329583,8.62294,7.8295,1,0.711,0,0,2.246,13.77,3.444444,16.22416,18.44888,0.596377,4400.03,84.8658,66.00996,5.109001,0,0,0,68.475,0,1992,1992,373.7778,1,0,8.389366,0,1,0,0,1992,4.070735,0.153,0.04,7.222222,1.898962,6.903334,1,0.4155155,0.3944263,1,0,1.293967,49.5,0,1,0,0,3.444444,49.5,0.04,0,0,0,0,9.2,2001,5.6,1996,4.2,1992,,, ,1932,5,0,44,44,52.60663507,0,7104,0,0,1,1,0
Trinidad&Tob,1,1,369,1,37,0.852,0,0,1,0,0,0,0,13.2,35.8,0,0.2312698,3.95846,3.97897,9.77864,8.58425,0,0.616,0.929,0.965,3.412,10.418,1.277778,28.06996,28.01379,4.289944,7616.894,86.71415,62.81775,6.363929,0,0,1,89.38333,0,1962,1962,36.44444,1,0,8.938124,0,1,0,0,1962,0.2438356,0.1157556,0.19,9,0.2209874,,1,1,1,0,0,14.79673,42,0,1,0,0,1.277778,42,0.19,0,0,0,0,19.4,2002,16.7,2001,11.1,2000,11.1,1995, ,1946,7,0,49,30,54.75113122,1,9124,0,0,1,1,0
Turkey,0,0,186,0,250,0,0,0,0,0,1,0,0,0,0.1,0,0.1635684,5.824544,5.69774,8.95259,8.13885,0.133,0.601,0,0,2.421,41.202,4.055555,24.06719,16.9092,1.179869,3995.748,41.00135,62.89411,5.076429,0,0,0,74.97143,0,1982,1982,494.4445,0,0,8.292986,0,0,0,0,1982,4.090169,0.4578,0.09,8.111111,-5.458316,6.391666,1,0.1922334,0.1881437,0,0,1.335931,44,0,0,1,494.4445,0,0,0,0,0,0,1,4.4,2002,4.2,1999,2.4,1995,1.8,1991, ,1930,4,0,33,34,31.97278912,2,5193,0,1,0,1,1
USA,1,1,111,0,250,0,0,0,1,0,0,0,0,43.6,30,0,0.2090314,2.268298,2.186325,10.47556,8.8269,1,0.947,0.886,0.972,0.94,34.36,1,21.87741,20.23823,6.431568,18844.28,23.03455,65.44537,12.57293,1,0,0,99.16667,0,1800,1800,435,1,1,9.843965,0,0,1,0,1800,5.560921,0.3817778,1,10,-2.52748,2.356667,1,1,0.6666667,0,1,1.555806,37.5,0,0,0,0,1,37.5,1,1,37.5,1,0,14,2000,13.3,1998,11.7,1996,11,1994,0.2,1920,7,0,50,41,50.73891626,17,26397,0,0,0,0,1
Uganda,1,1,746,1,37,0.852,0,0,1,0,0,0,0,1.9,49.6,0,0.8358,5.501158,5.931887,7.02369,7.33035,0.156,0.368,0,0,2.563,0.228,4.888889,14.65232,19.25434,,618.2991,30.8297,49.04804,2.366587,0,1,0,49.35,,,,276,1,1,6.426972,0,0,1,0,1994,2.923397,0.0025333,0.03,-4.333333,,7.5475,0,1,,0,0,0.3531978,,0,0,1,0,4.888889,,0.03,4.888889,,0.03,0,23.9,2001,17.8,1996,17.4,1994,,, ,1962,4,0,26,40, ,0,1370,0,0,1,1,0
Uk,1,1,112,0,250,0,0,0,1,0,0,0,0,16.1,13.1,0,0.1062846,1.067758,1.586953,10.15717,8.83759,0.778,0.933,0.974,0.974,2.6,51.51,1.5,40.37266,36.10271,14.61691,13586.18,54.16156,64.96465,15.861,0,0,0,114.9,0,1837,1837,652.5555,1,0,9.516809,0,1,0,0,1837,4.06665,0.5723333,0.815,10,-3.235131,1.461667,1,1,1,0,1,2.196796,29.5,0,0,0,0,1.5,29.5,0.815,0,0,0,0,17.9,2001,18.2,1997,9.2,1994,,,64.8,1918,7,0,50,39,43.82022472,11,18620,0,0,0,1,1
Ukraine,0.9,0.9,926,0,8,0,0,0.968,0,1,0,0,0,0,0,0,0.4186,6.785817,6.783311,,,,,,,,,3.4375,,,,893.3627,70.71071,66.47695,13.30226,,0,0,89.925,0.5,1992.875,1991,450,1,0,6.794993,0,0.8,0,0,1991,3.94219,,0.045,6.375,,7.7,0,0.9,0.0088496,0,0,,25.71,0,0,1,45.00001,3.4375,25.71,0.045,0,0,0,0,5.3,2002,7.8,1998,3.8,1994,2.4,1990, ,1919,5,0,52,46, ,2,2718,0,0,1,1,1
Uruguay,0,0,298,0,171,0,0.316,0,0,0,1,0,0,1.9,59.5,0,0.0666667,3.764415,4.14077,9.39568,8.27988,0.111,0.564,0,1,2.837,-34.822,1.666667,29.38198,29.85934,17.92558,5402.426,43.42255,62.5851,12.06819,0,0,1,95.17142,0.5,1985,1985,99,0,1,8.594604,0,0,0,1,1985,1.161814,0.3869111,0.075,10,-0.6504872,5.72,1,0.1111111,0.0568012,0,0,0.2216485,,0,0,1,99,0,,0,1.666667,,0.075,0,12.1,1999,7.1,1994,6.1,1989,,, ,1932,7,0,53,32,61.08949416,1,6752,1,0,0,1,0
Venezuela,0.3349754,0.3349754,299,0,188,0,0.248,0,0,0,1,0,0,1,94.8,0,0.0525,6.698416,6.449771,9.77162,8.65192,0.311,0.612,0,0.969,2.191,9.843,2.555556,19.34534,20.12511,,6660.618,52.77753,59.34188,4.073095,1,0,1,84.27143,0,1981.333,1958,202.3333,0,1,8.803967,0,0,0,1,1958,3.063079,0.1093667,0.21,8.222222,-1.286982,7.411667,1,0.4486517,0.1697613,0,0,17.19999,49.5,0,1,0,134.5567,0,0,0,2.555556,49.5,0.21,0,,2000,13.1,1998,5.9,1993,,, ,1946,6,0,55,28,55.15695067,0,8120,1,0,0,1,0
Zambia,1,1,754,1,35,0.86,0,0,1,0,0,0,0,31.9,26.2,0,0.8294,5.797871,6.228558,7.49617,6.28446,0.044,0.424,0,0,2.625,-12.942,3.833333,25.23639,19.67239,0.4420471,659.1872,73.76629,50.19071,2.336754,0,1,0,71.425,0,1991,1991,150,1,1,6.491007,0,0,1,0,1991,2.167313,0.1438,0.045,2.666667,,6.533333,0,1,1,0,0,17.42976,47.255,0,0,1,0,3.833333,47.255,0.045,3.833333,47.255,0.045,0,12.7,2001,10.1,1996,6.7,1991,,, ,1962,3,0,35,30,31.97278912,0,962,0,0,1,1,1
Zimbabwe,1,1,698,1,19,0.924,0,0,1,0,0,0,0,21.4,14.4,0,0.5986,7.258331,5.637467,7.74836,7.05284,0,0.545,0.074,0.074,2.422,-17.876,4.888889,31.23202,25.5816,3.231369,1201.984,69.16644,53.85599,2.804576,0,1,0,87.625,0,,,120,1,1,7.091729,0,0,1,0,1989,2.375006,0.1986222,0.055,-6,-6.772184,6.233334,0,1,1,0,0,3.037324,56.83,0,0,1,0,4.888889,56.83,0.055,4.888889,56.83,0.055,0,10,2000,14,1995,12,1990,,, ,1957,3,0,42,33,40.11976048,0,2196,0,0,1,1,0
